iter	Logloss
0	0.6195549229
1	0.5633273161
2	0.5130172696
3	0.4673112428
4	0.4308014052
5	0.3916012244
6	0.3628836745
7	0.3281286933
8	0.2997635504
9	0.2791851277
10	0.2617242185
11	0.2450557925
12	0.229493217
13	0.2143105401
14	0.1956060652
15	0.1786503376
16	0.1635874482
17	0.1551142326
18	0.1418185183
19	0.1354151134

