iter	Logloss	F1	Accuracy	Recall
0	0.0361078035	1	1	1
1	0.03538703594	1	1	1
2	0.03478087356	1	1	1
3	0.03424030425	1	1	1
4	0.03361039557	1	1	1
5	0.03302746923	1	1	1
6	0.03260897623	1	1	1
7	0.03168692537	1	1	1
8	0.03023468631	1	1	1
9	0.029883827	1	1	1
10	0.02941057686	1	1	1
11	0.02901464723	1	1	1
12	0.02854723343	1	1	1
13	0.028131325	1	1	1
14	0.02767193951	1	1	1
15	0.02723334262	1	1	1
16	0.02688957225	1	1	1
17	0.02652725935	1	1	1
18	0.02590728308	1	1	1
19	0.02551994557	1	1	1
