iter	Logloss
0	0.6286086477
1	0.555557895
2	0.5045474913
3	0.4560808808
4	0.4206787195
5	0.3806292938
6	0.3506619523
7	0.3255695032
8	0.2963666858999	0.2667000401010	0.2461903761111	0.2283895891112	0.2137666113	13	0.2000557714114	0.188005201515	0.1830668831616	0.17385833917117	0.1613149118118	0.15053219	0119	0.143556435
