iter	Logloss
0	0.6020416952
1	0.5285284723
2	0.4838329692
3	0.4253878761
4	0.3852856646
5	0.3513173675
6	0.3190113853
7	0.2935068086
8	0.267560433199	0.247607475
10	0.2302035126
11	0.214988598
12	0.2027653588
13	0.1902584595
14	0.1796951424
1515	0.1714883501616	0.16242978817	0.1498531625
118	0.142255713
19	0.1355237595
8
